"movie_odid","display_name","territory","release_date","total_box_office","currency","local_box_office","opening_weekend_revenue","opening_weekend_theaters","maximum_theaters","theatrical_engagements","average(High (F))","average(Low (F))","average(Precip (in.))","average(Normal High (F))","average(Normal Low (F))","average(Normal Precip (in.))","Opening Percentage"
4490100,"Schindler’s List","United Kingdom",1/25/19 12:00 AM,39190,"£ - Pound Sterling",29745.0,39190,206,206,206,51.0,40.0,0.02666666666666667,43.333333333333336,35.666666666666664,0.0,100.0
34640100,"The Great Escape","United Kingdom",3/22/19 12:00 AM,228090,"£ - Pound Sterling",172550.0,228090,353,353,353,53.0,46.333333333333336,0.006666666666666667,50.0,38.333333333333336,0.0,100.0
62470100,"Heat and Dust","United Kingdom",3/8/19 12:00 AM,11610,"£ - Pound Sterling",8979.0,1538,1,2,8,48.333333333333336,38.333333333333336,0.13333333333333333,47.666666666666664,36.666666666666664,0.0,13.247200689061152
65590100,"Professione: reporter","United Kingdom",1/4/19 12:00 AM,17160,"£ - Pound Sterling",13469.0,17160,8,8,8,40.333333333333336,34.333333333333336,0.0,43.666666666666664,35.666666666666664,0.0033333333333333335,100.0
122200100,"Mary Queen of Scots","United Kingdom",1/18/19 12:00 AM,12111452,"£ - Pound Sterling",9290695.0,2685618,499,548,2850,41.333333333333336,30.0,0.02666666666666667,43.333333333333336,35.666666666666664,0.0,22.174203390311913
181370100,"How to Train Your Dragon: The Hidden World","United Kingdom",2/1/19 12:00 AM,25778709,"£ - Pound Sterling",2.0262065E7,6970601,556,646,6166,37.666666666666664,29.666666666666668,0.12,43.666666666666664,35.666666666666664,0.08666666666666667,27.040147743628278
202840100,"Captain Marvel","United Kingdom",3/8/19 12:00 AM,51792440,"£ - Pound Sterling",4.0771009E7,16588603,655,655,4511,48.333333333333336,38.333333333333336,0.13333333333333333,47.666666666666664,36.666666666666664,0.0,32.02900461920697
226230100,"Dumbo","United Kingdom",3/29/19 12:00 AM,33126125,"£ - Pound Sterling",2.5142729E7,7919691,666,697,6006,58.0,34.666666666666664,0.0,51.0,39.0,0.0,23.907689172820547
229310100,"The LEGO Movie 2: The Second Part","United Kingdom",2/8/19 12:00 AM,23607835,"£ - Pound Sterling",1.8588809E7,5194943,572,661,5119,51.666666666666664,42.333333333333336,0.15666666666666668,43.666666666666664,35.666666666666664,0.0,22.00516481075033
235660100,"The White Crow","United Kingdom",3/22/19 12:00 AM,1589081,"£ - Pound Sterling",1247270.0,432250,88,139,468,53.0,46.333333333333336,0.006666666666666667,50.0,38.333333333333336,0.0,27.201256575341343
259240100,"Under The Silver Lake","United Kingdom",3/15/19 12:00 AM,18351,"£ - Pound Sterling",13820.0,18351,7,7,7,53.333333333333336,45.333333333333336,0.14666666666666667,48.666666666666664,37.333333333333336,0.0,100.0
263250100,"Glass","United Kingdom",1/18/19 12:00 AM,14282874,"£ - Pound Sterling",1.1046375E7,4415555,559,559,2596,41.333333333333336,30.0,0.02666666666666667,43.333333333333336,35.666666666666664,0.0,30.91503152656811
263650100,"Alita: Battle Angel","United Kingdom",2/8/19 12:00 AM,12174200,"£ - Pound Sterling",9168390.0,4136291,534,537,2420,51.666666666666664,42.333333333333336,0.15666666666666668,43.666666666666664,35.666666666666664,0.0,33.97587521151287
272980100,"Lords of Chaos","United Kingdom",3/29/19 12:00 AM,58359,"£ - Pound Sterling",45135.0,30240,88,88,104,58.0,34.666666666666664,0.0,51.0,39.0,0.0,51.81720043181001
276250100,"Vice","United Kingdom",1/25/19 12:00 AM,5378242,"£ - Pound Sterling",4133717.0,1748964,505,505,1470,51.0,40.0,0.02666666666666667,43.333333333333336,35.666666666666664,0.0,32.51925071426685
280830100,"Can You Ever Forgive Me?","United Kingdom",2/1/19 12:00 AM,1513798,"£ - Pound Sterling",1170469.0,678578,256,256,508,37.666666666666664,29.666666666666668,0.12,43.666666666666664,35.666666666666664,0.08666666666666667,44.82619213395711
288100100,"The Kid Who Would Be King","United Kingdom",2/15/19 12:00 AM,4733417,"£ - Pound Sterling",3726146.0,857224,491,512,3280,56.666666666666664,37.0,0.0,44.0,35.666666666666664,0.0,18.11004608298825
289000100,"Welcome to Marwen","United Kingdom",1/4/19 12:00 AM,459505,"£ - Pound Sterling",357403.0,308518,328,328,431,40.333333333333336,34.333333333333336,0.0,43.666666666666664,35.666666666666664,0.0033333333333333335,67.14138039847228
291040100,"Us","United Kingdom",3/22/19 12:00 AM,13080946,"£ - Pound Sterling",1.0299937E7,3657421,580,589,2766,53.0,46.333333333333336,0.006666666666666667,50.0,38.333333333333336,0.0,27.95991207363749
294570100,"The Upside","United Kingdom",1/11/19 12:00 AM,1912817,"£ - Pound Sterling",11120.0,874627,312,312,633,47.0,39.333333333333336,0.006666666666666667,43.333333333333336,35.666666666666664,0.0033333333333333335,45.724551799780116
295430100,"Boy Erased","United Kingdom",2/8/19 12:00 AM,375451,"£ - Pound Sterling",284029.0,153369,116,116,255,51.666666666666664,42.333333333333336,0.15666666666666668,43.666666666666664,35.666666666666664,0.0,40.84927194227742
296660100,"If Beale Street Could Talk","United Kingdom",2/8/19 12:00 AM,2017198,"£ - Pound Sterling",1550418.0,326516,52,339,391,51.666666666666664,42.333333333333336,0.15666666666666668,43.666666666666664,35.666666666666664,0.0,16.18661132918038
299290100,"Woman Walks Ahead","United Kingdom",2/22/19 12:00 AM,1665,"£ - Pound Sterling",1274.0,1665,1,1,1,60.0,43.666666666666664,0.0,45.0,35.666666666666664,0.0,100.0
302390100,"Hurvínek a kouzelné muzeum","United Kingdom",3/15/19 12:00 AM,26144,"£ - Pound Sterling",19689.0,26144,97,97,97,53.333333333333336,45.333333333333336,0.14666666666666667,48.666666666666664,37.333333333333336,0.0,100.0
305010100,"Nina","United Kingdom",1/25/19 12:00 AM,1108,"£ - Pound Sterling",841.0,1108,1,1,1,51.0,40.0,0.02666666666666667,43.333333333333336,35.666666666666664,0.0,100.0
306500100,"Beautiful Boy","United Kingdom",1/18/19 12:00 AM,1281198,"£ - Pound Sterling",983063.0,466119,124,208,703,41.333333333333336,30.0,0.02666666666666667,43.333333333333336,35.666666666666664,0.0,36.38149606852337
306510100,"The Front Runner","United Kingdom",1/11/19 12:00 AM,210119,"£ - Pound Sterling",158913.0,112564,142,142,193,47.0,39.333333333333336,0.006666666666666667,43.333333333333336,35.666666666666664,0.0033333333333333335,53.57154755162551
306770100,"Destroyer","United Kingdom",1/25/19 12:00 AM,308083,"£ - Pound Sterling",233065.0,140198,113,113,113,51.0,40.0,0.02666666666666667,43.333333333333336,35.666666666666664,0.0,45.50656803523726
307410100,"Second Act","United Kingdom",1/25/19 12:00 AM,531240,"£ - Pound Sterling",129189.0,531240,344,344,344,51.0,40.0,0.02666666666666667,43.333333333333336,35.666666666666664,0.0,100.0
307510100,"The Fight","United Kingdom",3/15/19 12:00 AM,27444,"£ - Pound Sterling",21571.0,5833,22,22,38,53.333333333333336,45.333333333333336,0.14666666666666667,48.666666666666664,37.333333333333336,0.0,21.25419035126075
307520100,"Benjamin","United Kingdom",3/15/19 12:00 AM,97423,"£ - Pound Sterling",77198.0,44076,19,19,45,53.333333333333336,45.333333333333336,0.14666666666666667,48.666666666666664,37.333333333333336,0.0,45.241883333504404
307640100,"Foxtrot","United Kingdom",3/1/19 12:00 AM,27816,"£ - Pound Sterling",21037.0,27816,22,22,22,53.0,44.666666666666664,0.0,46.666666666666664,36.333333333333336,0.06333333333333334,100.0
309490100,"What They Had","United Kingdom",3/1/19 12:00 AM,22063,"£ - Pound Sterling",16686.0,22063,111,111,111,53.0,44.666666666666664,0.0,46.666666666666664,36.333333333333336,0.06333333333333334,100.0
311220100,"What Men Want","United Kingdom",3/15/19 12:00 AM,3624737,"£ - Pound Sterling",2785973.0,1110891,495,495,1562,53.333333333333336,45.333333333333336,0.14666666666666667,48.666666666666664,37.333333333333336,0.0,30.647492493938184
312850100,"Hannah","United Kingdom",3/1/19 12:00 AM,11737,"£ - Pound Sterling",8877.0,11737,12,12,12,53.0,44.666666666666664,0.0,46.666666666666664,36.333333333333336,0.06333333333333334,100.0
313810100,"Fighting With My Family","United Kingdom",3/1/19 12:00 AM,7705332,"£ - Pound Sterling",6376162.0,2673772,573,573,2738,53.0,44.666666666666664,0.0,46.666666666666664,36.333333333333336,0.06333333333333334,34.700282869057425
313950100,"Instant Family","United Kingdom",2/15/19 12:00 AM,13632203,"£ - Pound Sterling",1.0459989E7,3175435,536,562,3271,56.666666666666664,37.0,0.0,44.0,35.666666666666664,0.0,23.293630530589958
315920100,"The Favourite","United Kingdom",1/4/19 12:00 AM,24900000,"£ - Pound Sterling",1.6965411E7,5063034,538,617,4606,40.333333333333336,34.333333333333336,0.0,43.666666666666664,35.666666666666664,0.0033333333333333335,20.333469879518073
316820100,"Monsters and Men","United Kingdom",1/18/19 12:00 AM,10886,"£ - Pound Sterling",8440.0,10886,16,16,16,41.333333333333336,30.0,0.02666666666666667,43.333333333333336,35.666666666666664,0.0,100.0
318510100,"Life Itself","United Kingdom",1/4/19 12:00 AM,68965,"£ - Pound Sterling",54131.0,68965,35,35,35,40.333333333333336,34.333333333333336,0.0,43.666666666666664,35.666666666666664,0.0033333333333333335,100.0
320040100,"The Kindergarten Teacher","United Kingdom",3/8/19 12:00 AM,79841,"£ - Pound Sterling",61366.0,79841,73,73,73,48.333333333333336,38.333333333333336,0.13333333333333333,47.666666666666664,36.666666666666664,0.0,100.0
320220100,"Colette","United Kingdom",1/11/19 12:00 AM,3240617,"£ - Pound Sterling",2490738.0,1011978,321,321,1059,47.0,39.333333333333336,0.006666666666666667,43.333333333333336,35.666666666666664,0.0033333333333333335,31.22794208633726
320650100,"RBG","United Kingdom",1/4/19 12:00 AM,49656,"£ - Pound Sterling",38975.0,49656,21,21,21,40.333333333333336,34.333333333333336,0.0,43.666666666666664,35.666666666666664,0.0033333333333333335,100.0
321140100,"A Dog’s Way Home","United Kingdom",1/25/19 12:00 AM,2834384,"£ - Pound Sterling",2245966.0,930007,443,445,2904,51.0,40.0,0.02666666666666667,43.333333333333336,35.666666666666664,0.0,32.81160915387611
321240100,"Miss Bala","United Kingdom",3/8/19 12:00 AM,43264,"£ - Pound Sterling",32582.0,24502,107,107,126,48.333333333333336,38.333333333333336,0.13333333333333333,47.666666666666664,36.666666666666664,0.0,56.63369082840237
322750100,"Being Frank: The Chris Sievey Story","United Kingdom",3/29/19 12:00 AM,70354,"£ - Pound Sterling",55833.0,27877,24,24,58,58.0,34.666666666666664,0.0,51.0,39.0,0.0,39.6239019814083
324950100,"La Villa","United Kingdom",1/11/19 12:00 AM,7914,"£ - Pound Sterling",6166.0,7914,4,4,4,47.0,39.333333333333336,0.006666666666666667,43.333333333333336,35.666666666666664,0.0033333333333333335,100.0
327800100,"On the Basis of Sex","United Kingdom",2/22/19 12:00 AM,2036986,"£ - Pound Sterling",1601071.0,599652,452,452,1049,60.0,43.666666666666664,0.0,45.0,35.666666666666664,0.0,29.438199378886253
327860100,"Den 12. mann","United Kingdom",1/4/19 12:00 AM,301,"£ - Pound Sterling",236.0,301,2,2,2,40.333333333333336,34.333333333333336,0.0,43.666666666666664,35.666666666666664,0.0033333333333333335,100.0
328690100,"Jellyfish","United Kingdom",2/15/19 12:00 AM,39351,"£ - Pound Sterling",30265.0,14792,9,9,23,56.666666666666664,37.0,0.0,44.0,35.666666666666664,0.0,37.58989606363244
328710100,"Green Book","United Kingdom",2/1/19 12:00 AM,13241209,"£ - Pound Sterling",1.040759E7,2190077,557,573,4181,37.666666666666664,29.666666666666668,0.12,43.666666666666664,35.666666666666664,0.08666666666666667,16.53985674570955
330040100,"Happy Death Day 2U","United Kingdom",2/14/19 12:00 AM,1979075,"£ - Pound Sterling",1518544.0,945557,436,436,1178,52.0,35.666666666666664,0.0033333333333333335,44.0,35.666666666666664,0.01,47.77772444197416
330250100,"Escape Room","United Kingdom",2/1/19 12:00 AM,3337901,"£ - Pound Sterling",2565511.0,1074005,373,373,1547,37.666666666666664,29.666666666666668,0.12,43.666666666666664,35.666666666666664,0.08666666666666667,32.17605914615203
331180100,"Todos lo saben","United Kingdom",3/8/19 12:00 AM,377582,"£ - Pound Sterling",284357.0,153630,54,85,139,48.333333333333336,38.333333333333336,0.13333333333333333,47.666666666666664,36.666666666666664,0.0,40.68785058609786
331210100,"A Private War","United Kingdom",2/15/19 12:00 AM,724889,"£ - Pound Sterling",551713.0,287269,74,90,274,56.666666666666664,37.0,0.0,44.0,35.666666666666664,0.0,39.62937773921249
331890100,"The Vanishing","United Kingdom",3/29/19 12:00 AM,57466,"£ - Pound Sterling",44082.0,8946,23,23,43,58.0,34.666666666666664,0.0,51.0,39.0,0.0,15.567465979883757
331900100,"At Eternity’s Gate","United Kingdom",3/29/19 12:00 AM,455169,"£ - Pound Sterling",358309.0,76688,34,41,165,58.0,34.666666666666664,0.0,51.0,39.0,0.0,16.848247573978018
332160100,"Beoning","United Kingdom",2/1/19 12:00 AM,51990,"£ - Pound Sterling",39705.0,51990,34,34,34,37.666666666666664,29.666666666666668,0.12,43.666666666666664,35.666666666666664,0.08666666666666667,100.0
332440100,"Cafarnaúm","United Kingdom",2/22/19 12:00 AM,183941,"£ - Pound Sterling",140770.0,183941,48,48,48,60.0,43.666666666666664,0.0,45.0,35.666666666666664,0.0,100.0
333950100,"The Aftermath","United Kingdom",3/1/19 12:00 AM,2515378,"£ - Pound Sterling",1914454.0,787594,562,562,1688,53.0,44.666666666666664,0.0,46.666666666666664,36.333333333333336,0.06333333333333334,31.311158799989503
333960100,"Mektoub is Mektoub","United Kingdom",2/15/19 12:00 AM,4659,"£ - Pound Sterling",3624.0,4659,8,8,8,56.666666666666664,37.0,0.0,44.0,35.666666666666664,0.0,100.0
334620100,"Five Feet Apart","United Kingdom",3/22/19 12:00 AM,1265138,"£ - Pound Sterling",995917.0,334886,204,204,781,53.0,46.333333333333336,0.006666666666666667,50.0,38.333333333333336,0.0,26.470313910419257
334830100,"The Mule","United Kingdom",1/25/19 12:00 AM,2630000,"£ - Pound Sterling",2161860.0,955934,462,462,887,51.0,40.0,0.02666666666666667,43.333333333333336,35.666666666666664,0.0,36.347300380228134
336270100,"Minding the Gap","United Kingdom",3/22/19 12:00 AM,17109,"£ - Pound Sterling",12943.0,17109,17,17,17,53.0,46.333333333333336,0.006666666666666667,50.0,38.333333333333336,0.0,100.0
336530100,"Plaire, aimer et courir vite","United Kingdom",3/22/19 12:00 AM,10961,"£ - Pound Sterling",8292.0,10961,5,5,5,53.0,46.333333333333336,0.006666666666666667,50.0,38.333333333333336,0.0,100.0
337670100,"Gräns","United Kingdom",3/8/19 12:00 AM,102041,"£ - Pound Sterling",78429.0,102041,49,49,49,48.333333333333336,38.333333333333336,0.13333333333333333,47.666666666666664,36.666666666666664,0.0,100.0
338860100,"Se Rokh","United Kingdom",3/29/19 12:00 AM,9519,"£ - Pound Sterling",7304.0,9519,11,11,11,58.0,34.666666666666664,0.0,51.0,39.0,0.0,100.0
343850100,"The Prodigy","United Kingdom",3/15/19 12:00 AM,128675,"£ - Pound Sterling",96905.0,128675,92,92,92,53.333333333333336,45.333333333333336,0.14666666666666667,48.666666666666664,37.333333333333336,0.0,100.0
345250100,"Ben is Back","United Kingdom",3/15/19 12:00 AM,109154,"£ - Pound Sterling",82204.0,109154,114,114,114,53.333333333333336,45.333333333333336,0.14666666666666667,48.666666666666664,37.333333333333336,0.0,100.0
346590100,"Dragon Ball Super: Broly","United Kingdom",1/25/19 12:00 AM,3234053,"£ - Pound Sterling",2469846.0,1121881,188,188,291,51.0,40.0,0.02666666666666667,43.333333333333336,35.666666666666664,0.0,34.689629390736634
346890100,"On Her Shoulders","United Kingdom",1/25/19 12:00 AM,4727,"£ - Pound Sterling",3588.0,4727,3,3,3,51.0,40.0,0.02666666666666667,43.333333333333336,35.666666666666664,0.0,100.0
352640100,"Out of Blue","United Kingdom",3/29/19 12:00 AM,224097,"£ - Pound Sterling",176140.0,91280,46,46,118,58.0,34.666666666666664,0.0,51.0,39.0,0.0,40.73236143277242
353960100,"Maiden","United Kingdom",3/8/19 12:00 AM,120785,"£ - Pound Sterling",95710.0,58908,16,18,57,48.333333333333336,38.333333333333336,0.13333333333333333,47.666666666666664,36.666666666666664,0.0,48.77095665852548
355580100,"Bergman - ett år, ett liv","United Kingdom",1/25/19 12:00 AM,5796,"£ - Pound Sterling",4399.0,5796,4,4,4,51.0,40.0,0.02666666666666667,43.333333333333336,35.666666666666664,0.0,100.0
361040100,"Girl","United Kingdom",3/15/19 12:00 AM,31729,"£ - Pound Sterling",23895.0,31729,24,24,24,53.333333333333336,45.333333333333336,0.14666666666666667,48.666666666666664,37.333333333333336,0.0,100.0
362930100,"Stan & Ollie","United Kingdom",1/11/19 12:00 AM,13619819,"£ - Pound Sterling",1.0533568E7,3310022,654,679,3408,47.0,39.333333333333336,0.006666666666666667,43.333333333333336,35.666666666666664,0.0033333333333333335,24.30298082522242
363020100,"Ray & Liz","United Kingdom",3/8/19 12:00 AM,58562,"£ - Pound Sterling",45040.0,21384,13,17,48,48.333333333333336,38.333333333333336,0.13333333333333333,47.666666666666664,36.666666666666664,0.0,36.515146340630444
365120100,"Sauvage","United Kingdom",3/1/19 12:00 AM,28519,"£ - Pound Sterling",21569.0,28519,14,14,14,53.0,44.666666666666664,0.0,46.666666666666664,36.333333333333336,0.06333333333333334,100.0
371640100,"Sharkwater Extinction","United Kingdom",3/22/19 12:00 AM,1713,"£ - Pound Sterling",1296.0,1713,4,4,4,53.0,46.333333333333336,0.006666666666666667,50.0,38.333333333333336,0.0,100.0
372130100,"Un peuple et son roi","United Kingdom",1/25/19 12:00 AM,4018,"£ - Pound Sterling",3050.0,4018,1,1,1,51.0,40.0,0.02666666666666667,43.333333333333336,35.666666666666664,0.0,100.0
373370100,"The Hole in the Ground","United Kingdom",3/1/19 12:00 AM,127467,"£ - Pound Sterling",96403.0,127467,140,140,140,53.0,44.666666666666664,0.0,46.666666666666664,36.333333333333336,0.06333333333333334,100.0
373390100,"Piercing","United Kingdom",2/15/19 12:00 AM,449,"£ - Pound Sterling",349.0,449,2,2,2,56.666666666666664,37.0,0.0,44.0,35.666666666666664,0.0,100.0
373840100,"Cold Pursuit","United Kingdom",2/22/19 12:00 AM,2268489,"£ - Pound Sterling",1743561.0,825123,417,417,1113,60.0,43.666666666666664,0.0,45.0,35.666666666666664,0.0,36.373242277128085
375520100,"All is True","United Kingdom",2/8/19 12:00 AM,1313073,"£ - Pound Sterling",1042055.0,345017,252,252,742,51.666666666666664,42.333333333333336,0.15666666666666668,43.666666666666664,35.666666666666664,0.0,26.275538374484892
375800100,"Die Legende vom hässlichen König","United Kingdom",2/1/19 12:00 AM,458,"£ - Pound Sterling",350.0,458,4,4,4,37.666666666666664,29.666666666666668,0.12,43.666666666666664,35.666666666666664,0.08666666666666667,100.0
380780100,"Un amour impossible","United Kingdom",1/4/19 12:00 AM,19809,"£ - Pound Sterling",15548.0,19809,12,12,12,40.333333333333336,34.333333333333336,0.0,43.666666666666664,35.666666666666664,0.0033333333333333335,100.0
389060100,"Gully Boy","United Kingdom",2/15/19 12:00 AM,344014,"£ - Pound Sterling",267574.0,344014,66,66,66,56.666666666666664,37.0,0.0,44.0,35.666666666666664,0.0,100.0
390160100,"Andre Rieu's Sydney Town Hall Concert - An Australian Celebration","United Kingdom",1/4/19 12:00 AM,2224412,"£ - Pound Sterling",1745941.0,2224412,570,570,570,40.333333333333336,34.333333333333336,0.0,43.666666666666664,35.666666666666664,0.0033333333333333335,100.0
390320100,"Politseyskiy s Rublyovki. Novogodniy bespredel","United Kingdom",1/25/19 12:00 AM,8567,"£ - Pound Sterling",6502.0,8567,1,1,1,51.0,40.0,0.02666666666666667,43.333333333333336,35.666666666666664,0.0,100.0
390950100,"K.G.F: Chapter 1","United Kingdom",1/4/19 12:00 AM,27081,"£ - Pound Sterling",21256.0,27081,42,42,42,40.333333333333336,34.333333333333336,0.0,43.666666666666664,35.666666666666664,0.0033333333333333335,100.0
390960100,"Njan Prakashan","United Kingdom",1/4/19 12:00 AM,34109,"£ - Pound Sterling",26772.0,34109,28,28,28,40.333333333333336,34.333333333333336,0.0,43.666666666666664,35.666666666666664,0.0033333333333333335,100.0
391800100,"Zabawa, Zabawa","United Kingdom",1/4/19 12:00 AM,39302,"£ - Pound Sterling",30848.0,39302,106,106,106,40.333333333333336,34.333333333333336,0.0,43.666666666666664,35.666666666666664,0.0033333333333333335,100.0
391810100,"King of Boys","United Kingdom",1/4/19 12:00 AM,34760,"£ - Pound Sterling",27283.0,34760,4,4,4,40.333333333333336,34.333333333333336,0.0,43.666666666666664,35.666666666666664,0.0033333333333333335,100.0
391820100,"Fantastica","United Kingdom",1/4/19 12:00 AM,6764,"£ - Pound Sterling",5309.0,6764,3,3,3,40.333333333333336,34.333333333333336,0.0,43.666666666666664,35.666666666666664,0.0033333333333333335,100.0
392090100,"Uri: The Surgical Strike","United Kingdom",1/11/19 12:00 AM,63822,"£ - Pound Sterling",49724.0,63822,26,26,26,47.0,39.333333333333336,0.006666666666666667,43.333333333333336,35.666666666666664,0.0033333333333333335,100.0
392140100,"The Accidental Prime Minister","United Kingdom",1/11/19 12:00 AM,23424,"£ - Pound Sterling",18250.0,23424,12,12,12,47.0,39.333333333333336,0.006666666666666667,43.333333333333336,35.666666666666664,0.0033333333333333335,100.0
392160100,"Do Dooni Panj","United Kingdom",1/11/19 12:00 AM,9157,"£ - Pound Sterling",7134.0,9157,7,7,7,47.0,39.333333333333336,0.006666666666666667,43.333333333333336,35.666666666666664,0.0033333333333333335,100.0
392180100,"Petta","United Kingdom",1/11/19 12:00 AM,375474,"£ - Pound Sterling",292532.0,375474,63,63,63,47.0,39.333333333333336,0.006666666666666667,43.333333333333336,35.666666666666664,0.0033333333333333335,100.0
392210100,"Viswasam","United Kingdom",1/11/19 12:00 AM,125807,"£ - Pound Sterling",98016.0,125807,29,29,29,47.0,39.333333333333336,0.006666666666666667,43.333333333333336,35.666666666666664,0.0033333333333333335,100.0
393040100,"Island of the Hungry Ghosts","United Kingdom",1/11/19 12:00 AM,9300,"£ - Pound Sterling",7246.0,9300,9,9,9,47.0,39.333333333333336,0.006666666666666667,43.333333333333336,35.666666666666664,0.0033333333333333335,100.0
393050100,"Met Opera: Adriana Lecouvreur","United Kingdom",1/11/19 12:00 AM,236760,"£ - Pound Sterling",184460.0,236760,204,204,204,47.0,39.333333333333336,0.006666666666666667,43.333333333333336,35.666666666666664,0.0033333333333333335,100.0
393270100,"Underdog","United Kingdom",1/18/19 12:00 AM,367598,"£ - Pound Sterling",284999.0,367598,242,242,242,41.333333333333336,30.0,0.02666666666666667,43.333333333333336,35.666666666666664,0.0,100.0
393370100,"Kaka Ji","United Kingdom",1/18/19 12:00 AM,10055,"£ - Pound Sterling",7796.0,10055,8,8,8,41.333333333333336,30.0,0.02666666666666667,43.333333333333336,35.666666666666664,0.0,100.0
393780100,"Total Dhamaal","United Kingdom",2/22/19 12:00 AM,327455,"£ - Pound Sterling",250601.0,327455,81,81,81,60.0,43.666666666666664,0.0,45.0,35.666666666666664,0.0,100.0
393810100,"Bolshoi Ballet: La Bayadere","United Kingdom",1/18/19 12:00 AM,176217,"£ - Pound Sterling",136621.0,176217,156,156,156,41.333333333333336,30.0,0.02666666666666667,43.333333333333336,35.666666666666664,0.0,100.0
393820100,"Hey Duggee at the Cinema","United Kingdom",1/18/19 12:00 AM,316425,"£ - Pound Sterling",102427.0,87285,88,88,1026,41.333333333333336,30.0,0.02666666666666667,43.333333333333336,35.666666666666664,0.0,27.58473571936478
393850100,"Ek Ladki Ko Dekhah Toh Aisa Laga","United Kingdom",2/1/19 12:00 AM,166766,"£ - Pound Sterling",127359.0,166766,60,60,60,37.666666666666664,29.666666666666668,0.12,43.666666666666664,35.666666666666664,0.08666666666666667,100.0
394110100,"Diablo","United Kingdom",2/1/19 12:00 AM,39825,"£ - Pound Sterling",30414.0,39825,120,120,120,37.666666666666664,29.666666666666668,0.12,43.666666666666664,35.666666666666664,0.08666666666666667,100.0
394120100,"Flotten","United Kingdom",1/18/19 12:00 AM,7605,"£ - Pound Sterling",5896.0,7605,4,4,4,41.333333333333336,30.0,0.02666666666666667,43.333333333333336,35.666666666666664,0.0,100.0
394130100,"Jack Em Popoy: The Puliscredibles","United Kingdom",1/18/19 12:00 AM,6040,"£ - Pound Sterling",4683.0,6040,3,3,3,41.333333333333336,30.0,0.02666666666666667,43.333333333333336,35.666666666666664,0.0,100.0
394140100,"London Unplugged","United Kingdom",1/18/19 12:00 AM,9468,"£ - Pound Sterling",7277.0,1985,1,1,6,41.333333333333336,30.0,0.02666666666666667,43.333333333333336,35.666666666666664,0.0,20.96535699197296
394190100,"BTS World Tour: Love Yourself in Seoul","United Kingdom",1/25/19 12:00 AM,683544,"£ - Pound Sterling",518810.0,683544,291,291,291,51.0,40.0,0.02666666666666667,43.333333333333336,35.666666666666664,0.0,100.0
394310100,"Manikarnika: The Queen Of Jhansi","United Kingdom",1/25/19 12:00 AM,5942,"£ - Pound Sterling",4510.0,5942,6,6,6,51.0,40.0,0.02666666666666667,43.333333333333336,35.666666666666664,0.0,100.0
394380100,"Babushka lyogkogo povedeniya - 2","United Kingdom",2/15/19 12:00 AM,3975,"£ - Pound Sterling",3092.0,3975,6,6,6,56.666666666666664,37.0,0.0,44.0,35.666666666666664,0.0,100.0
394790100,"Northern Ballet Bite Sized Ballets: Tortoise & the Hare","United Kingdom",1/25/19 12:00 AM,41237,"£ - Pound Sterling",31633.0,22572,153,153,221,51.0,40.0,0.02666666666666667,43.333333333333336,35.666666666666664,0.0,54.73725052743895
394800100,"Love Sonia","United Kingdom",1/25/19 12:00 AM,6022,"£ - Pound Sterling",4571.0,6022,13,13,13,51.0,40.0,0.02666666666666667,43.333333333333336,35.666666666666664,0.0,100.0
395030100,"Misz masz, czyli kogel-mogel 3","United Kingdom",3/15/19 12:00 AM,222992,"£ - Pound Sterling",167935.0,222992,137,137,137,53.333333333333336,45.333333333333336,0.14666666666666667,48.666666666666664,37.333333333333336,0.0,100.0
395140100,"Uda Aida","United Kingdom",2/1/19 12:00 AM,19738,"£ - Pound Sterling",15074.0,19738,10,10,10,37.666666666666664,29.666666666666668,0.12,43.666666666666664,35.666666666666664,0.08666666666666667,100.0
395150100,"Vantha Rajavathaan Varuven","United Kingdom",2/1/19 12:00 AM,18904,"£ - Pound Sterling",14437.0,18904,32,32,32,37.666666666666664,29.666666666666668,0.12,43.666666666666664,35.666666666666664,0.08666666666666667,100.0
395190100,"Irupathiyonnaam Noottaandu","United Kingdom",2/8/19 12:00 AM,2469,"£ - Pound Sterling",1909.0,2469,20,20,20,51.666666666666664,42.333333333333336,0.15666666666666668,43.666666666666664,35.666666666666664,0.0,100.0
395590100,"Lian Zheng Feng Yun","United Kingdom",2/8/19 12:00 AM,8702,"£ - Pound Sterling",6728.0,8702,14,14,14,51.666666666666664,42.333333333333336,0.15666666666666668,43.666666666666664,35.666666666666664,0.0,100.0
395700100,"Met Opera: Carmen","United Kingdom",2/1/19 12:00 AM,384256,"£ - Pound Sterling",293456.0,384256,209,209,209,37.666666666666664,29.666666666666668,0.12,43.666666666666664,35.666666666666664,0.08666666666666667,100.0
396120100,"Fei Chi Ren Sheng","United Kingdom",2/8/19 12:00 AM,95797,"£ - Pound Sterling",74070.0,95797,15,15,15,51.666666666666664,42.333333333333336,0.15666666666666668,43.666666666666664,35.666666666666664,0.0,100.0
396160100,"Amavas","United Kingdom",2/8/19 12:00 AM,3113,"£ - Pound Sterling",2407.0,3113,4,4,4,51.666666666666664,42.333333333333336,0.15666666666666668,43.666666666666664,35.666666666666664,0.0,100.0
396380100,"Anoche","United Kingdom",2/1/19 12:00 AM,13703,"£ - Pound Sterling",10465.0,9927,21,21,21,37.666666666666664,29.666666666666668,0.12,43.666666666666664,35.666666666666664,0.08666666666666667,72.44399036707291
396520100,"Cellar Door","United Kingdom",2/1/19 12:00 AM,2158,"£ - Pound Sterling",1648.0,2158,1,1,1,37.666666666666664,29.666666666666668,0.12,43.666666666666664,35.666666666666664,0.08666666666666667,100.0
396710100,"Anandi Gopal","United Kingdom",3/1/19 12:00 AM,2605,"£ - Pound Sterling",1970.0,2605,9,9,9,53.0,44.666666666666664,0.0,46.666666666666664,36.333333333333336,0.06333333333333334,100.0
396800100,"Peranbu","United Kingdom",2/8/19 12:00 AM,3414,"£ - Pound Sterling",2640.0,3414,4,4,4,51.666666666666664,42.333333333333336,0.15666666666666668,43.666666666666664,35.666666666666664,0.0,100.0
396810100,"Crucible of the Vampire","United Kingdom",2/1/19 12:00 AM,1773,"£ - Pound Sterling",1354.0,1773,6,6,6,37.666666666666664,29.666666666666668,0.12,43.666666666666664,35.666666666666664,0.08666666666666667,100.0
396940100,"Planeta Singli 3","United Kingdom",2/15/19 12:00 AM,253591,"£ - Pound Sterling",197243.0,253591,141,141,141,56.666666666666664,37.0,0.0,44.0,35.666666666666664,0.0,100.0
397130100,"Yi wen ding qing","United Kingdom",2/15/19 12:00 AM,10396,"£ - Pound Sterling",8086.0,10396,13,13,13,56.666666666666664,37.0,0.0,44.0,35.666666666666664,0.0,100.0
397140100,"Kala Shah Kala","United Kingdom",2/15/19 12:00 AM,51155,"£ - Pound Sterling",703.0,904,1,1,1,56.666666666666664,37.0,0.0,44.0,35.666666666666664,0.0,1.7671781839507377
397170100,"Scotch: A Golden Dream","United Kingdom",3/3/19 12:00 AM,16887,"£ - Pound Sterling",12853.0,6426,22,22,38,53.0,43.0,0.12333333333333334,46.666666666666664,36.666666666666664,0.0,38.05294013146207
397720100,"The Lady Eve","United Kingdom",2/15/19 12:00 AM,12987,"£ - Pound Sterling",10101.0,12987,4,4,4,56.666666666666664,37.0,0.0,44.0,35.666666666666664,0.0,100.0
397730100,"9: Nine","United Kingdom",2/15/19 12:00 AM,4189,"£ - Pound Sterling",3258.0,4189,9,9,9,56.666666666666664,37.0,0.0,44.0,35.666666666666664,0.0,100.0
398740100,"High End Yaariyaan","United Kingdom",2/22/19 12:00 AM,12172,"£ - Pound Sterling",9315.0,12172,11,11,11,60.0,43.666666666666664,0.0,45.0,35.666666666666664,0.0,100.0
398760100,"LKG","United Kingdom",2/22/19 12:00 AM,13554,"£ - Pound Sterling",10373.0,13554,12,12,12,60.0,43.666666666666664,0.0,45.0,35.666666666666664,0.0,100.0
398770100,"Kumbalangi Nights","United Kingdom",2/22/19 12:00 AM,51453,"£ - Pound Sterling",39377.0,51453,71,71,71,60.0,43.666666666666664,0.0,45.0,35.666666666666664,0.0,100.0
398790100,"Tobol","United Kingdom",3/8/19 12:00 AM,2610,"£ - Pound Sterling",2006.0,2610,8,8,8,48.333333333333336,38.333333333333336,0.13333333333333333,47.666666666666664,36.666666666666664,0.0,100.0
398840100,"Northern Ballet Bite Sized Ballet: Elves and The Shoemaker","United Kingdom",2/22/19 12:00 AM,31009,"£ - Pound Sterling",23849.0,18797,145,145,196,60.0,43.666666666666664,0.0,45.0,35.666666666666664,0.0,60.61788513012352
398860100,"Badla","United Kingdom",3/8/19 12:00 AM,102385,"£ - Pound Sterling",78693.0,102385,34,34,34,48.333333333333336,38.333333333333336,0.13333333333333333,47.666666666666664,36.666666666666664,0.0,100.0
399140100,"Luka Chuppi","United Kingdom",3/1/19 12:00 AM,84543,"£ - Pound Sterling",63940.0,84543,39,39,39,53.0,44.666666666666664,0.0,46.666666666666664,36.333333333333336,0.06333333333333334,100.0
399220100,"Kodathi Samaksham Balan Vakeel","United Kingdom",3/1/19 12:00 AM,6692,"£ - Pound Sterling",5061.0,6692,17,17,17,53.0,44.666666666666664,0.0,46.666666666666664,36.333333333333336,0.06333333333333334,100.0
399630100,"Kobiety mafii 2","United Kingdom",3/1/19 12:00 AM,396010,"£ - Pound Sterling",299502.0,396010,251,251,251,53.0,44.666666666666664,0.0,46.666666666666664,36.333333333333336,0.06333333333333334,100.0
399740100,"Met Opera: La Fille Du Regiment","United Kingdom",3/1/19 12:00 AM,318610,"£ - Pound Sterling",240965.0,318610,202,202,202,53.0,44.666666666666664,0.0,46.666666666666664,36.333333333333336,0.06333333333333334,100.0
399760100,"Burning Men","United Kingdom",3/1/19 12:00 AM,2701,"£ - Pound Sterling",2076.0,1242,2,2,3,53.0,44.666666666666664,0.0,46.666666666666664,36.333333333333336,0.06333333333333334,45.9829692706405
399770100,"Ringu","United Kingdom",3/1/19 12:00 AM,14420,"£ - Pound Sterling",10906.0,14420,58,58,58,53.0,44.666666666666664,0.0,46.666666666666664,36.333333333333336,0.06333333333333334,100.0
399780100,"Ninety ML","United Kingdom",3/1/19 12:00 AM,6495,"£ - Pound Sterling",4912.0,6495,7,7,7,53.0,44.666666666666664,0.0,46.666666666666664,36.333333333333336,0.06333333333333334,100.0
399790100,"An Engineer Imagines","United Kingdom",3/1/19 12:00 AM,4968,"£ - Pound Sterling",3757.0,4968,5,5,5,53.0,44.666666666666664,0.0,46.666666666666664,36.333333333333336,0.06333333333333334,100.0
399920100,"Öldür Beni Sevgilim","United Kingdom",3/8/19 12:00 AM,5196,"£ - Pound Sterling",3994.0,5196,3,3,3,48.333333333333336,38.333333333333336,0.13333333333333333,47.666666666666664,36.666666666666664,0.0,100.0
400270100,"Notebook","United Kingdom",3/29/19 12:00 AM,11925,"£ - Pound Sterling",9150.0,11925,18,18,18,58.0,34.666666666666664,0.0,51.0,39.0,0.0,100.0
400360100,"Guddiyan Patole","United Kingdom",3/8/19 12:00 AM,27717,"£ - Pound Sterling",21303.0,27717,8,8,8,48.333333333333336,38.333333333333336,0.13333333333333333,47.666666666666664,36.666666666666664,0.0,100.0
400390100,"Guo Chun Tian","United Kingdom",3/22/19 12:00 AM,8594,"£ - Pound Sterling",6501.0,8594,12,12,12,53.0,46.333333333333336,0.006666666666666667,50.0,38.333333333333336,0.0,100.0
400930100,"Bolshoi Ballet: The Sleeping Beauty","United Kingdom",3/8/19 12:00 AM,230092,"£ - Pound Sterling",176849.0,230092,153,153,153,48.333333333333336,38.333333333333336,0.13333333333333333,47.666666666666664,36.666666666666664,0.0,100.0
401190100,"Fisherman's Friends","United Kingdom",3/15/19 12:00 AM,9594774,"£ - Pound Sterling",7435950.0,1533482,506,537,2819,53.333333333333336,45.333333333333336,0.14666666666666667,48.666666666666664,37.333333333333336,0.0,15.98247129114245
401340100,"Chaal Jeevi Laiye","United Kingdom",3/15/19 12:00 AM,9555,"£ - Pound Sterling",7196.0,9555,9,9,9,53.333333333333336,45.333333333333336,0.14666666666666667,48.666666666666664,37.333333333333336,0.0,100.0
401350100,"Kudiye Lahore Diye","United Kingdom",3/15/19 12:00 AM,41771,"£ - Pound Sterling",31458.0,41771,15,15,15,53.333333333333336,45.333333333333336,0.14666666666666667,48.666666666666664,37.333333333333336,0.0,100.0
401800100,"Children of the Snow Land","United Kingdom",3/15/19 12:00 AM,20022,"£ - Pound Sterling",15485.0,5920,1,1,5,53.333333333333336,45.333333333333336,0.14666666666666667,48.666666666666664,37.333333333333336,0.0,29.56747577664569
401810100,"RISE: The Story of Augustines","United Kingdom",3/15/19 12:00 AM,11291,"£ - Pound Sterling",8503.0,11291,2,2,2,53.333333333333336,45.333333333333336,0.14666666666666667,48.666666666666664,37.333333333333336,0.0,100.0
401820100,"Blue Note Records: Beyond The Notes","United Kingdom",3/14/19 12:00 AM,2621,"£ - Pound Sterling",1974.0,2621,1,1,1,53.0,44.333333333333336,0.29333333333333333,48.666666666666664,37.333333333333336,0.0,100.0
401830100,"Milan Talkies","United Kingdom",3/15/19 12:00 AM,1437,"£ - Pound Sterling",1082.0,1437,6,6,6,53.333333333333336,45.333333333333336,0.14666666666666667,48.666666666666664,37.333333333333336,0.0,100.0
402190100,"Kesari","United Kingdom",3/22/19 12:00 AM,210239,"£ - Pound Sterling",159046.0,210239,73,73,73,53.0,46.333333333333336,0.006666666666666667,50.0,38.333333333333336,0.0,100.0
402730100,"Trezviy voditel","United Kingdom",3/29/19 12:00 AM,3377,"£ - Pound Sterling",2591.0,3377,7,7,7,58.0,34.666666666666664,0.0,51.0,39.0,0.0,100.0
402830100,"Super Deluxe","United Kingdom",3/29/19 12:00 AM,15494,"£ - Pound Sterling",11909.0,491,3,13,16,58.0,34.666666666666664,0.0,51.0,39.0,0.0,3.1689686330192335
402850100,"Northern Ballet Bite Sized Ballets: Three Little Pigs","United Kingdom",3/22/19 12:00 AM,34211,"£ - Pound Sterling",27109.0,22394,130,130,164,53.0,46.333333333333336,0.006666666666666667,50.0,38.333333333333336,0.0,65.458478267224
403280100,"Met Opera: Die Walkure","United Kingdom",3/29/19 12:00 AM,229738,"£ - Pound Sterling",176278.0,229738,205,205,205,58.0,34.666666666666664,0.0,51.0,39.0,0.0,100.0
403300100,"Lucifer","United Kingdom",3/29/19 12:00 AM,192470,"£ - Pound Sterling",147682.0,192470,89,89,89,58.0,34.666666666666664,0.0,51.0,39.0,0.0,100.0
403510100,"Rabb Da Radio 2","United Kingdom",3/29/19 12:00 AM,624,"£ - Pound Sterling",479.0,624,1,1,1,58.0,34.666666666666664,0.0,51.0,39.0,0.0,100.0
403530100,"Airaa","United Kingdom",3/29/19 12:00 AM,6217,"£ - Pound Sterling",4770.0,6217,5,5,5,58.0,34.666666666666664,0.0,51.0,39.0,0.0,100.0
403900100,"Eaten by Lions","United Kingdom",3/29/19 12:00 AM,99176,"£ - Pound Sterling",78587.0,41569,93,93,152,58.0,34.666666666666664,0.0,51.0,39.0,0.0,41.91437444543035
403910100,"The Man Who Wanted to Fly","United Kingdom",3/29/19 12:00 AM,12777,"£ - Pound Sterling",9804.0,12777,5,5,5,58.0,34.666666666666664,0.0,51.0,39.0,0.0,100.0
403920100,"Winterlong","United Kingdom",3/29/19 12:00 AM,2498,"£ - Pound Sterling",1917.0,2498,1,1,1,58.0,34.666666666666664,0.0,51.0,39.0,0.0,100.0
403930100,"Kriminalas ekselences fonds","United Kingdom",3/29/19 12:00 AM,1911,"£ - Pound Sterling",1466.0,1911,14,14,14,58.0,34.666666666666664,0.0,51.0,39.0,0.0,100.0
